Issue URL,Title,Assignee,Reviewer,Status,Milestone,Feature,Story Points,Priority,Risk,Ideal Time,Review Hours,Start Date,Target Date
https://github.com/ham340i/Industrial-Data-Pipelinen-Platform/issues/4,Reproducible local workspace and Compose startup,ham340i,aboudka2003,Backlog,Iteration 1,feature:infrastructure,5,Critical,Medium,10,2,,2026-10-06
https://github.com/ham340i/Industrial-Data-Pipelinen-Platform/issues/5,React 19 workbench shell and typed API client,aboudka2003,adamoug,Backlog,Iteration 1,feature:frontend,5,Critical,Medium,10,2,,2026-10-06
https://github.com/ham340i/Industrial-Data-Pipelinen-Platform/issues/6,FastAPI shell with typed health and error contracts,adamoug,Al-Yousef,Backlog,Iteration 1,feature:api,5,Critical,Medium,10,2,,2026-10-06
https://github.com/ham340i/Industrial-Data-Pipelinen-Platform/issues/7,SQLite metadata models and migration foundation,Al-Yousef,joedaswagger,Backlog,Iteration 1,feature:metadata,8,High,High,16,2,,2026-10-06
https://github.com/ham340i/Industrial-Data-Pipelinen-Platform/issues/8,Versioned Block SDK and typed registry contract,joedaswagger,karimikhaeil,Backlog,Iteration 1,feature:block-sdk,8,Critical,High,16,2,,2026-10-06
https://github.com/ham340i/Industrial-Data-Pipelinen-Platform/issues/9,Portable pipeline JSON and DAG topology model,karimikhaeil,MarcElHaddad1,Backlog,Iteration 1,feature:execution-engine,5,Critical,High,10,2,,2026-10-06
https://github.com/ham340i/Industrial-Data-Pipelinen-Platform/issues/10,Prove CSV to Select Columns to Parquet without the UI,MarcElHaddad1,menaboulus,Backlog,Iteration 1,feature:execution-engine,8,Critical,High,16,2,,2026-10-06
https://github.com/ham340i/Industrial-Data-Pipelinen-Platform/issues/11,Application test harnesses and real stack CI gates,menaboulus,ham340i,Backlog,Iteration 1,feature:testing,8,Critical,Medium,16,2,,2026-10-06
https://github.com/ham340i/Industrial-Data-Pipelinen-Platform/issues/12,Spike approved data contracts and safe SQL connectivity,adamoug,Al-Yousef,Backlog,Iteration 1,feature:sources,3,Critical,High,6,1,,2026-10-06
https://github.com/ham340i/Industrial-Data-Pipelinen-Platform/issues/13,Spike Polars Arrow schema and memory behavior,karimikhaeil,MarcElHaddad1,Backlog,Iteration 1,feature:execution-engine,3,High,High,6,1,,2026-10-06
https://github.com/ham340i/Industrial-Data-Pipelinen-Platform/issues/14,Save and reload portable pipelines in the workbench,ham340i,adamoug,Backlog,Iteration 2,feature:metadata,8,Critical,High,16,2,,2026-10-20
https://github.com/ham340i/Industrial-Data-Pipelinen-Platform/issues/15,React Flow canvas and discoverable block library,aboudka2003,Al-Yousef,Backlog,Iteration 2,feature:builder,8,Critical,High,20,2,,2026-10-20
https://github.com/ham340i/Industrial-Data-Pipelinen-Platform/issues/16,CSV JSON and Parquet source blocks,adamoug,joedaswagger,Backlog,Iteration 2,feature:sources,5,High,Medium,12,2,,2026-10-20
https://github.com/ham340i/Industrial-Data-Pipelinen-Platform/issues/17,Schema-driven block configuration panel,Al-Yousef,karimikhaeil,Backlog,Iteration 2,feature:frontend,8,Critical,Medium,16,2,,2026-10-20
https://github.com/ham340i/Industrial-Data-Pipelinen-Platform/issues/18,Select Rename Filter and Cast transform blocks,joedaswagger,MarcElHaddad1,Backlog,Iteration 2,feature:transforms,8,High,Medium,16,2,,2026-10-20
https://github.com/ham340i/Industrial-Data-Pipelinen-Platform/issues/19,Create list and open local projects,karimikhaeil,menaboulus,Backlog,Iteration 2,feature:frontend,5,High,Medium,12,2,,2026-10-20
https://github.com/ham340i/Industrial-Data-Pipelinen-Platform/issues/20,Parquet and CSV sink blocks,MarcElHaddad1,ham340i,Backlog,Iteration 2,feature:parquet,5,High,Medium,10,2,,2026-10-20
https://github.com/ham340i/Industrial-Data-Pipelinen-Platform/issues/21,Validate graph ports and required configuration before run,menaboulus,aboudka2003,Backlog,Iteration 2,feature:validation,8,Critical,High,16,2,,2026-10-20
https://github.com/ham340i/Industrial-Data-Pipelinen-Platform/issues/22,Production local DAG executor and Polars context,ham340i,Al-Yousef,Backlog,Iteration 3,feature:execution-engine,8,Critical,High,20,2,,2026-11-03
https://github.com/ham340i/Industrial-Data-Pipelinen-Platform/issues/23,Read-only SQL source with secret references,aboudka2003,joedaswagger,Backlog,Iteration 3,feature:sources,8,Critical,High,16,2,,2026-11-03
https://github.com/ham340i/Industrial-Data-Pipelinen-Platform/issues/24,Join Aggregate and Sort transform blocks,adamoug,karimikhaeil,Backlog,Iteration 3,feature:transforms,8,Critical,High,20,2,,2026-11-03
https://github.com/ham340i/Industrial-Data-Pipelinen-Platform/issues/25,Null handling and data-quality validation blocks,Al-Yousef,MarcElHaddad1,Backlog,Iteration 3,feature:data-quality,8,Critical,High,16,2,,2026-11-03
https://github.com/ham340i/Industrial-Data-Pipelinen-Platform/issues/26,Bounded selected-node preview with schema and samples,joedaswagger,menaboulus,Backlog,Iteration 3,feature:preview,8,High,High,18,2,,2026-11-03
https://github.com/ham340i/Industrial-Data-Pipelinen-Platform/issues/27,Persist run telemetry and expose status/details APIs,karimikhaeil,ham340i,Backlog,Iteration 3,feature:telemetry,8,Critical,Medium,18,2,,2026-11-03
https://github.com/ham340i/Industrial-Data-Pipelinen-Platform/issues/28,Govern Parquet artifacts and query them with DuckDB,MarcElHaddad1,aboudka2003,Backlog,Iteration 3,feature:parquet,8,High,High,18,2,,2026-11-03
https://github.com/ham340i/Industrial-Data-Pipelinen-Platform/issues/29,Manual and bounded timer triggers with execute API,menaboulus,adamoug,Backlog,Iteration 3,feature:api,5,High,Medium,12,2,,2026-11-03
https://github.com/ham340i/Industrial-Data-Pipelinen-Platform/issues/30,Run monitoring UI with block state and logs,ham340i,joedaswagger,Backlog,Iteration 4 (Release 1),feature:telemetry,8,Critical,Medium,16,2,,2026-11-17
https://github.com/ham340i/Industrial-Data-Pipelinen-Platform/issues/31,Integrate author preview execute workflow with Playwright,aboudka2003,karimikhaeil,Backlog,Iteration 4 (Release 1),feature:builder,8,Critical,High,18,2,,2026-11-17
https://github.com/ham340i/Industrial-Data-Pipelinen-Platform/issues/32,Harden file SQL and configuration security boundaries,adamoug,MarcElHaddad1,Backlog,Iteration 4 (Release 1),feature:sources,5,Critical,High,12,2,,2026-11-17
https://github.com/ham340i/Industrial-Data-Pipelinen-Platform/issues/33,Actionable validation preview and execution error UX,Al-Yousef,menaboulus,Backlog,Iteration 4 (Release 1),feature:frontend,5,High,Medium,12,2,,2026-11-17
https://github.com/ham340i/Industrial-Data-Pipelinen-Platform/issues/34,Stabilize execution failures and output cleanup,joedaswagger,ham340i,Backlog,Iteration 4 (Release 1),feature:execution-engine,8,Critical,High,16,2,,2026-11-17
https://github.com/ham340i/Industrial-Data-Pipelinen-Platform/issues/35,Measure representative workloads and tune bounded execution,karimikhaeil,aboudka2003,Backlog,Iteration 4 (Release 1),feature:execution-engine,8,High,High,16,2,,2026-11-17
https://github.com/ham340i/Industrial-Data-Pipelinen-Platform/issues/36,Package and verify the local Release 1 candidate,MarcElHaddad1,adamoug,Backlog,Iteration 4 (Release 1),feature:infrastructure,8,Critical,Medium,16,2,,2026-11-17
https://github.com/ham340i/Industrial-Data-Pipelinen-Platform/issues/37,API engine block integration matrix and compatibility fixes,menaboulus,Al-Yousef,Backlog,Iteration 4 (Release 1),feature:testing,8,Critical,High,16,2,,2026-11-17
https://github.com/ham340i/Industrial-Data-Pipelinen-Platform/issues/38,Release 1 Acceptance — End-to-End ETL Vertical Slice,,,Backlog,Iteration 4 (Release 1),feature:infrastructure,0,Critical,High,0,0,,2026-11-17
